-- Users 테이블 데이터
INSERT INTO `SSAFIT_Users` (`user_id_no`, `user_id`, `user_pass`, `user_name`, `user_date`)
VALUES
(1, 'yeonseo123', 'password123', '연서', '2024-01-10 12:34:56'),
(2, 'minkyu2024', 'mkpass2024', '민규', '2024-02-11 15:00:00'),
(3, 'sujin1988', 'sj1988pass', '수진', '2024-03-12 18:30:00'),
(4, 'haeun90', 'he90pass', '하은', '2024-04-13 09:10:00'),
(5, 'dongwoo567', 'dw567pass', '동우', '2024-05-14 10:20:00'),
(6, 'jihyun_21', 'jh21pass', '지현', '2024-06-15 11:30:00'),
(7, 'taeyoung2000', 'ty2000pass', '태영', '2024-07-16 12:40:00'),
(8, 'wooyoung88', 'wy88pass', '우영', '2024-08-17 13:50:00'),
(9, 'hyunsoo99', 'hs99pass', '현수', '2024-09-18 14:00:00'),
(10, 'jaemin_22', 'jm22pass', '재민', '2024-10-19 15:10:00');

-- Videos 테이블 데이터
INSERT INTO `SSAFIT_Videos` (`video_id`, `title`, `description`, `part`, `channel_name`, `url`, `views`, `created_at`)
VALUES
(1, '상체 운동 루틴', '초보자를 위한 상체 운동 루틴 소개', '상체', '피트니스 홈', 'https://example.com/video1', 1200, '2024-03-01 09:00:00'),
(2, '하체 운동 루틴', '초보자를 위한 하체 운동 루틴', '하체', '건강 채널', 'https://example.com/video2', 1500, '2024-03-02 10:00:00'),
(3, '복근 운동', '간단한 복근 운동 가이드', '복근', '헬스 마스터', 'https://example.com/video3', 1000, '2024-03-03 11:00:00'),
(4, '어깨 운동 루틴', '어깨 강화 운동', '어깨', '헬스 지니', 'https://example.com/video4', 900, '2024-03-04 12:00:00'),
(5, '전신 운동', '전신 운동 루틴 소개', '전신', '피트니스 홈', 'https://example.com/video5', 2000, '2024-03-05 13:00:00'),
(6, '팔 운동', '간단한 팔 운동 가이드', '팔', '운동 채널', 'https://example.com/video6', 800, '2024-03-06 14:00:00'),
(7, '유산소 운동', '유산소 운동으로 체지방 태우기', '유산소', '피트니스 홈', 'https://example.com/video7', 3000, '2024-03-07 15:00:00'),
(8, '등 운동', '등 근육 강화 운동', '등', '건강 TV', 'https://example.com/video8', 500, '2024-03-08 16:00:00'),
(9, '다리 운동', '다리 근력 운동', '다리', '운동 마스터', 'https://example.com/video9', 600, '2024-03-09 17:00:00'),
(10, '허리 운동', '허리 통증 예방을 위한 운동', '허리', '헬스 지니', 'https://example.com/video10', 700, '2024-03-10 18:00:00');

-- Bookmarks 테이블 데이터
INSERT INTO `SSAFIT_Bookmarks` (`bookmark_id`, `user_id_no`, `video_id`, `bookmark_date`)
VALUES
(0, 1, 1, '2024-03-04 12:00:00'),
(0, 2, 2, '2024-03-04 12:30:00'),
(0, 3, 3, '2024-03-04 13:00:00'),
(0, 4, 4, '2024-03-04 13:30:00'),
(0, 5, 5, '2024-03-04 14:00:00'),
(0, 6, 6, '2024-03-04 14:30:00'),
(0, 7, 7, '2024-03-04 15:00:00'),
(0, 8, 8, '2024-03-04 15:30:00'),
(0, 9, 9, '2024-03-04 16:00:00'),
(0, 10, 10, '2024-03-04 16:30:00'),
(0, 1, 9, '2024-03-04 12:00:00'),
(0, 1, 2, '2024-03-04 12:30:00'),
(0, 1, 3, '2024-03-04 13:00:00'),
(0, 2, 4, '2024-03-04 13:30:00'),
(0, 2, 5, '2024-03-04 14:00:00'),
(0, 3, 6, '2024-03-04 14:30:00'),
(0, 3, 7, '2024-03-04 15:00:00'),
(0, 4, 8, '2024-03-04 15:30:00'),
(0, 4, 9, '2024-03-04 16:00:00'),
(0, 4, 10, '2024-03-04 16:30:00');

-- Reviews 테이블 데이터
INSERT INTO `SSAFIT_Reviews` (`video_id`, `user_id_no`, `user_name`, `review_id`, `review_title`, `review_content`, `review_score`, `review_date`, `review_cnt`)
VALUES
(1, 1, '연서', 'rvw001', '좋은 운동', '상체 운동 루틴이 유용했어요.', 5, '2024-03-05 14:00:00', 0),
(2, 2, '민규', 'rvw002', '하체 굿!', '하체 운동 정말 효과적입니다.', 4, '2024-03-06 15:30:00', 0),
(3, 3, '수진', 'rvw003', '복근 최고', '복근 운동을 따라하기 쉬웠어요.', 5, '2024-03-07 16:00:00', 0),
(4, 4, '하은', 'rvw004', '어깨 강화', '어깨 운동으로 많이 좋아졌습니다.', 4, '2024-03-08 17:00:00', 0),
(5, 5, '동우', 'rvw005', '전신 운동 대박', '전신 운동 루틴 따라하기 좋네요.', 5, '2024-03-09 18:00:00', 0),
(6, 6, '지현', 'rvw006', '팔 근육 강화', '팔 운동이 좋았어요.', 4, '2024-03-10 19:00:00', 0),
(7, 7, '태영', 'rvw007', '유산소 운동', '유산소 운동 정말 효과적입니다.', 5, '2024-03-11 20:00:00', 0),
(8, 8, '우영', 'rvw008', '등 운동 좋음', '등 근육 운동 추천합니다.', 4, '2024-03-12 21:00:00', 0),
(9, 9, '현수', 'rvw009', '다리 운동 대박', '다리 운동이 정말 유용했어요.', 5, '2024-03-13 22:00:00', 0),
(10, 10, '재민', 'rvw010', '허리 통증 예방', '허리 운동이 매우 도움이 되었습니다.', 5, '2024-03-14 23:00:00', 0);

-- Follows 테이블 데이터
INSERT INTO `SSAFIT_Follows` (`follow_id`, `follower_user_id`, `following_user_id`, `follow_date`)
VALUES
(1, 1, 2, '2024-03-08 17:00:00'),
(2, 2, 3, '2024-03-08 17:30:00'),
(3, 3, 4, '2024-03-08 18:00:00'),
(4, 4, 5, '2024-03-08 18:30:00'),
(5, 5, 6, '2024-03-08 19:00:00'),
(6, 6, 7, '2024-03-08 19:30:00'),
(7, 7, 8, '2024-03-08 20:00:00'),
(8, 8, 9, '2024-03-08 20:30:00'),
(9, 9, 10, '2024-03-08 21:00:00'),
(10, 10, 1, '2024-03-08 21:30:00');
